{
  "input_file": "test/eda_features_29_samples.csv",
  "n_rows": 116,
  "n_subjects": 29,
  "subjects": [
    "s1",
    "s10",
    "s11",
    "s12",
    "s13",
    "s14",
    "s15",
    "s16",
    "s17",
    "s18",
    "s19",
    "s2",
    "s20",
    "s21",
    "s22",
    "s23",
    "s24",
    "s25",
    "s26",
    "s27",
    "s28",
    "s29",
    "s3",
    "s4",
    "s5",
    "s6",
    "s7",
    "s8",
    "s9"
  ],
  "classes": [
    "rest0",
    "task1",
    "task2",
    "task3"
  ],
  "raw_feature_cols": [
    "Mean Tonic",
    "Max Slope",
    "Num Peaks",
    "Mean Amplitude",
    "Std Amplitude",
    "Total Power",
    "EDASymp Power"
  ],
  "model_feature_cols": [
    "Mean Tonic_norm",
    "Max Slope_norm",
    "Num Peaks_norm",
    "Mean Amplitude_norm",
    "Std Amplitude_norm",
    "Total Power_norm",
    "EDASymp Power_norm"
  ],
  "input_channels_after_population_encoding": 21,
  "grid": {
    "hidden_values": [
      16,
      32,
      64
    ],
    "beta_values": [
      0.85,
      0.9,
      0.95
    ],
    "epoch_values": [
      50,
      100,
      200
    ],
    "lr_values": [
      0.0005,
      0.001,
      0.005
    ],
    "encoding": "population",
    "max_spikes_values": [
      4,
      6,
      10
    ],
    "T": 30,
    "n_pop": 3,
    "sigma": 0.25
  },
  "n_configs_run": 3,
  "elapsed_seconds": 24.781195163726807,
  "best_snntorch_config": {
    "hidden": 16,
    "beta": 0.85,
    "epochs": 50,
    "lr": 0.0005,
    "encoding": "population",
    "T": 30,
    "max_spikes": 10,
    "n_pop": 3,
    "sigma": 0.25,
    "accuracy": 0.31896551724137934,
    "balanced_accuracy": 0.31896551724137934,
    "macro_f1": 0.25409300022303116,
    "weighted_f1": 0.25409300022303116,
    "n_predictions": 116,
    "n_subjects": 29,
    "config_id": 3,
    "n_features": 7,
    "input_channels": 21
  },
  "classical_baselines_same_features": [
    {
      "model": "LogisticRegression",
      "accuracy": 0.6120689655172413,
      "balanced_accuracy": 0.6120689655172414,
      "macro_f1": 0.5774069395649943,
      "weighted_f1": 0.5774069395649943
    },
    {
      "model": "LinearSVM",
      "accuracy": 0.5948275862068966,
      "balanced_accuracy": 0.5948275862068966,
      "macro_f1": 0.5600417092218968,
      "weighted_f1": 0.5600417092218968
    },
    {
      "model": "RBFSVM",
      "accuracy": 0.5603448275862069,
      "balanced_accuracy": 0.5603448275862069,
      "macro_f1": 0.5273140488594762,
      "weighted_f1": 0.5273140488594762
    }
  ],
  "warning": "Exploratory tuning. For unbiased final performance, use nested LOSO or independent held-out data."
}