hidden,beta,epochs,lr,encoding,T,max_spikes,n_pop,sigma,accuracy,balanced_accuracy,macro_f1,weighted_f1,n_predictions,n_subjects,config_id,n_features,input_channels
16,0.85,50,0.0005,population,30,10,3,0.25,0.31896551724137934,0.31896551724137934,0.25409300022303116,0.25409300022303116,116,29,3,7,21
16,0.85,50,0.0005,population,30,4,3,0.25,0.29310344827586204,0.29310344827586204,0.22546397272333102,0.225463972723331,116,29,1,7,21
16,0.85,50,0.0005,population,30,6,3,0.25,0.29310344827586204,0.29310344827586204,0.22602793013576072,0.22602793013576067,116,29,2,7,21
