hidden,beta,epochs,lr,encoding,T,max_spikes,n_pop,sigma,weight_decay,accuracy,balanced_accuracy,macro_f1,weighted_f1,n_predictions,n_subjects,method,config_id,feature_group,n_features,input_channels
32.0,0.95,200.0,0.001,population,30.0,10.0,3.0,0.25,0.0001,0.6724137931034483,0.6724137931034483,0.6603700635183651,0.660370063518365,116,29.0,snnTorch,240.0,tonic,2,6
,,,,,,,,,,0.646551724137931,0.646551724137931,0.6239583525939951,0.6239583525939951,116,,spike_delta,,tonic,2,6
,,,,,,,,,,0.6379310344827587,0.6379310344827586,0.6212948971604992,0.6212948971604992,116,,RBFSVM,,tonic,2,6
,,,,,,,,,,0.5775862068965517,0.5775862068965517,0.5439699429487332,0.5439699429487332,116,,LinearSVM,,tonic,2,6
,,,,,,,,,,0.5603448275862069,0.560344827586207,0.5054099388737353,0.5054099388737354,116,,LogisticRegression,,tonic,2,6
